column_one,column_two
$12N3011,DL1A
$12N3011,R2141
$2N1496,RN5113
$2N1496,U1R10
$5N2577,U142
$5N2577,C702
$6N3299,U1756
$6N3299,TP741
RF-TxRx-D1,TP1561
RF-TxRx-D1,RN22
RF-TxRx-D1,U1D14
$2N445,U1L1
$2N445,R2192
$5N1204,U1221
$5N1204,L72
QUADSPI_BK1_IO1,RN552
QUADSPI_BK1_IO1,U22
$7N1734,U1761
$7N1734,L362
$7N1734,C1461
$7N2131,U193
$7N2131,R1491
$7N2131,R1551
TMS,U1A15
TMS,P1022
$12N1210,C2421
$12N1210,U284
$12N1210,R2001
$12N1210,R1982
$2N2316,Q101
$2N2316,R2241
$6N2529,R1201
$6N2529,C1191
$6N2529,TP381
$6N2529,U17114
$2N520,U1N13
$2N520,RN5515
FMC_D1,U3B9
FMC_D1,RN506
$8N6534,U223
$8N6534,C2052
FMC_SDNCAS,U3F7
FMC_SDNCAS,RN545
GNSS-1PPS,R32
GNSS-1PPS,U1B8
$5N1349,U1223
$5N1349,U1222
$5N1349,C821
$5N1349,R2182
$5N1349,C661
$6N1205,U1796
$6N1205,C942
$6N2136,C1171
$6N2136,TP361
$6N2136,U17116
$6N2136,R1192
TCK,P1024
TCK,U1A14
$1N2726,U1R1
$1N2726,L32
$1N2726,C351
$7N1407,L332
$7N1407,U1758
$7N1407,C1431
$8N1951,FL2E
$8N1951,L522
$12N890,Q71
$12N890,R531
$12N890,R931
$2N1401,U1R8
$2N1401,RN5016
$2N673,U1J2
$2N673,RN5213
$2N673,TP1511
$13N550,R2591
$13N550,Q121
$6N11829,R1001
$6N11829,C1152
$6N2143,C1172
$6N2143,R1021
$11N4153,R2351
$11N4153,D33C
$11N4153,R2112
$2N711,U1K3
$2N711,RN5211
$2N1609,RN5110
$2N1609,U1P14
$2N936,U1K13
$2N936,RN5414
5V-FILT,C162
5V-FILT,R511
5V-FILT,R551
5V-FILT,U362
5V-FILT,C2361
5V-FILT,TP861
5V-FILT,U281
5V-FILT,R502
5V-FILT,U301
5V-FILT,C2682
5V-FILT,L632
5V-FILT,C192
5V-FILT,R521
5V-FILT,C2491
RF-TxRx-D11,TP1021
RF-TxRx-D11,RN25
RF-TxRx-D11,U1E4
TDI,U1A13
TDI,P1028
$1N3136,U1R15
$1N3136,R432
$5N7963,U127
$5N7963,R2061
BLE-UART-CTS,U1316
BLE-UART-CTS,U1D10
FMC_D0,U3A8
FMC_D0,TP1161
FMC_D0,RN505
RST#,U1J1
RST#,C202
RST#,U42
RST#,R2432
$10N430,P154
$10N430,R1811
$6N3450,U1748
$6N3450,C1651
$6N3450,C1541
$6N3450,L161
FMC_NBL1,U3F1
FMC_NBL1,RN536
JTAG-RST,U1A9
JTAG-RST,R2132
TDO,U1A10
TDO,P1026
$12N4833,TP1601
$12N4833,U2720
$5N8032,U121
$5N8032,TP181
$6N4285,U1723
$6N4285,RN915
2.85V_RF_VREF,C2771
2.85V_RF_VREF,U321
2.85V_RF_VREF,C2711
2.85V_RF_VREF,C2851
2.85V_RF_VREF,U375
FMC_A3,U3J7
FMC_A3,RN524
DIG-ANA-IN-6,R2352
DIG-ANA-IN-6,U1L2
DIG-ANA-IN-6,C2911
DIG-ANA-IN-6,TP1471
CONN-IO-6,C2151
CONN-IO-6,R2111
CONN-IO-6,D191
CONN-IO-6,R2522
CONN-IO-6,R1862
GNSS-LNA-VCC,U129
GNSS-LNA-VCC,TP171
$1N988,U1E1
$1N988,C11
$1N988,Y11
$8N5800,E21
$8N5800,U316
GNSS-EXT-INTR,U1A8
GNSS-EXT-INTR,R151
CONN-IO-PU-2,U1P4
CONN-IO-PU-2,D36A
CONN-IO-PU-2,TP971
PROC_LIME_CLK_EN,U341
PROC_LIME_CLK_EN,U1B1
PROC_LIME_CLK_EN,TP1201
RF-TxRx-SPI-SS#,R411
RF-TxRx-SPI-SS#,R121
$11N4137,R2341
$11N4137,R2102
$11N4137,D32C
$2N464,RN5514
$2N464,U1K1
DIG-ANA-IN-5,R2342
DIG-ANA-IN-5,U1L3
DIG-ANA-IN-5,C2901
DIG-ANA-IN-5,TP1451
$12N3325,U367
$12N3325,TP701
$2N1364,RN5010
$2N1364,U1C12
$2N616,TP1491
$2N616,U1E2
$2N616,RN5216
$5N8241,U125
$5N8241,TP251
$2N1515,U1N11
$2N1515,RN5115
HW-Version,U1F4
HW-Version,R2252
HW-Version,R2261
$1N990,U1F1
$1N990,C21
$1N990,Y12
$6N10327,C2671
$6N10327,R2371
$6N10327,R2362
$6N10327,U331
FMC_SDCLK,U3F2
FMC_SDCLK,RN542
$7N2133,C1062
$7N2133,R81
$7N2133,U194
$7N2133,R1552
$2N635,U1H3
$2N635,RN5215
$2N842,U1N7
$2N842,RN5316
$6N2542,C1531
$6N2542,R1292
$6N2542,R1311
$7N1818,C1481
$7N1818,R1162
$7N1818,R1452
$7N1818,L382
$5N30,U1220
$5N30,L81
$11N1355,Q81
$11N1355,R901
$11N1355,R482
ACCL-INTR1,U1111
ACCL-INTR1,U1E12
GNSS-LNA-EN,R142
GNSS-LNA-EN,U1B10
QUADSPI_CLK,U26
QUADSPI_CLK,R2191
RF-TxRx-D10,TP1061
RF-TxRx-D10,RN28
RF-TxRx-D10,U1E3
$1N1094,U1R12
$1N1094,RN5511
$1N1854,R271
$1N1854,R242
$1N1854,U1C6
PROC_RES_36MHz,U351
PROC_RES_36MHz,R2421
$1N3098,U1P12
$1N3098,R412
$1N3117,U1P13
$1N3117,R422
$6N1051,U1771
$6N1051,C1232
$6N1051,TP281
$6N12450,C1832
$6N12450,R1371
$2N501,U1N14
$2N501,RN5516
FMC_D3,U3C9
FMC_D3,RN507
FMC_D3,TP1611
$2N8594,Q105
$2N8594,R2281
$6N1122,TP291
$6N1122,R1442
$6N1122,U1776
$6N1122,R132
STM32_CLK,U1G1
STM32_CLK,U354
STM32_CLK,C2731
STM32_CLK,R2422
STM32_CLK,R2461
STM32_CLK,TP1381
RF-TxRx-D7,RN93
RF-TxRx-D7,U1C2
RF-TxRx-D7,TP1041
$11N4105,R2321
$11N4105,R2082
$11N4105,D30C
$12N1211,U366
$12N1211,R2411
$12N1211,R2402
$2N692,U1J3
$2N692,RN5212
$2N8589,Q102
$2N8589,R2291
$6N2506,C1521
$6N2506,R1282
$6N2506,R1301
CONN-IO-PU-4,U1R3
CONN-IO-PU-4,D38A
CONN-IO-PU-4,TP991
GND,C22
GND,C672
GND,U1113
GND,C2512
GND,U1F10
GND,U1F12
GND,C292
GND,U343
GND,Q72
GND,C1922
GND,C302
GND,C1382
GND,C1402
GND,C2302
GND,C2702
GND,C1242
GND,U29
GND,C12
GND,R1692
GND,C951
GND,R1262
GND,U1H10
GND,L201
GND,C422
GND,C1392
GND,C2852
GND,C452
GND,Q82
GND,C1522
GND,C1022
GND,C391
GND,C212
GND,C1782
GND,C2472
GND,U3J1
GND,U1793
GND,C2072
GND,U3A3
GND,C1262
GND,R262
GND,R2462
GND,U1329
GND,C252
GND,TP781
GND,C1492
GND,C1851
GND,U24
GND,U225
GND,R1512
GND,R1382
GND,U3A1
GND,U1H8
GND,U115
GND,C1412
GND,C1251
GND,U221
GND,U3C3
GND,C1662
GND,D26A
GND,U1F6
GND,U3E3
GND,U1J7
GND,C182
GND,U1224
GND,U136
GND,U3D7
GND,U1352
GND,C2751
GND,C1582
GND,U384
GND,U17117
GND,C1912
GND,C2982
GND,C941
GND,R922
GND,R1422
GND,C201
GND,U1325
GND,C322
GND,U2721
GND,C1692
GND,U3B7
GND,C1442
GND,L42
GND,U1G8
GND,FL2A
GND,C142
GND,C282
GND,C402
GND,J13
GND,C1052
GND,C432
GND,U1354
GND,R272
GND,C1302
GND,C372
GND,C1082
GND,C2321
GND,C222
GND,U182
GND,C1882
GND,C2801
GND,C2342
GND,C662
GND,C752
GND,U326
GND,C161
GND,U83
GND,C232
GND,C822
GND,C1902
GND,L141
GND,C462
GND,C1812
GND,C1271
GND,R2002
GND,D33A
GND,U1D7
GND,FL1F
GND,U41
GND,C332
GND,C1702
GND,C842
GND,C731
GND,U303
GND,C272
GND,C1892
GND,C1502
GND,U1356
GND,C412
GND,U1327
GND,C2532
GND,C382
GND,C2042
GND,R2412
GND,U1H12
GND,FL1C
GND,C262
GND,C762
GND,C1462
GND,R932
GND,C442
GND,C2352
GND,U1210
GND,U132
GND,U336
GND,C2392
GND,C242
GND,C2292
GND,U1G6
GND,U286
GND,C312
GND,C1372
GND,U192
GND,C682
GND,R1002
GND,U1M9
GND,U2711
GND,U1D5
GND,TP751
GND,C2562
GND,C2681
GND,U315
GND,D34A
GND,R2292
GND,U1D8
GND,C191
GND,U2710
GND,R1942
GND,U1D9
GND,U1F9
GND,C1672
GND,C1792
GND,U3213
GND,C2312
GND,U1F2
GND,U283
GND,U322
GND,C852
GND,C2482
GND,C872
GND,U1F7
GND,U1H7
GND,C1592
GND,C1452
GND,U1F8
GND,U1112
GND,R2062
GND,U1G9
GND,C902
GND,C1112
GND,U353
GND,U211
GND,C2762
GND,C352
GND,U1G2
GND,C2642
GND,C3022
GND,C832
GND,C1822
GND,U1G7
GND,C31
GND,U1G10
GND,U1K9
GND,U1K7
GND,C631
GND,C2882
GND,C1102
GND,U215
GND,U1G12
GND,D30A
GND,U3214
GND,U1110
GND,C1642
GND,C1472
GND,U1H6
GND,U1M8
GND,R2372
GND,C3002
GND,C2462
GND,TP771
GND,U1N1
GND,U1H9
GND,C692
GND,U1J6
GND,C1432
GND,U363
GND,C2692
GND,U133
GND,C862
GND,C1032
GND,C1092
GND,U1753
GND,U332
GND,U1J8
GND,C1772
GND,U279
GND,R1432
GND,U1J9
GND,U2712
GND,C1042
GND,U1J10
GND,C1362
GND,DL1C
GND,U1415
GND,U1755
GND,U1K6
GND,C1872
GND,C122
GND,U1K8
GND,U1355
GND,U1K10
GND,U1788
GND,FL1A
GND,U1L4
GND,C1422
GND,U164
GND,D29A
GND,C2522
GND,C642
GND,U1332
GND,U1116
GND,R2012
GND,R961
GND,U1115
GND,C1332
GND,U1212
GND,U1347
GND,C2502
GND,TP651
GND,C1612
GND,C992
GND,U1213
GND,R992
GND,U202
GND,U306
GND,U1353
GND,D31A
GND,TP761
GND,C2382
GND,R902
GND,U1350
GND,C921
GND,C1482
GND,C3012
GND,U1351
GND,P73
GND,C701
GND,DL4C
GND,C2492
GND,C2332
GND,J12
GND,C2622
GND,C2662
GND,P1023
GND,D28A
GND,C2362
GND,C931
GND,TP641
GND,L131
GND,C1532
GND,C2902
GND,C1352
GND,R2282
GND,C1002
GND,P1025
GND,C2652
GND,L191
GND,C1312
GND,D32A
GND,C2842
GND,C1802
GND,FL1D
GND,FL2F
GND,FL2D
GND,FL2C
GND,C2962
GND,U312
GND,R1211
GND,U369
GND,C2781
GND,G21
GND,G22
GND,U333
GND,C2732
GND,C2912
GND,C2611
GND,R562
GND,C2742
GND,C2822
GND,C2812
GND,U323
GND,C1752
GND,U328
GND,U329
GND,U3210
GND,U3215
GND,C2772
GND,C2952
GND,C2712
GND,C1762
GND,C1572
GND,C2632
GND,R2262
GND,C1712
GND,C2722
GND,C2792
GND,C1742
GND,P1043
GND,P1045
GND,U372
GND,R1372
GND,R1242
GND,R1391
GND,R1532
GND,R1182
GND,R1191
GND,R1202
GND,R1562
GND,R1572
GND,R1721
GND,R1702
GND,C1632
GND,C2922
GND,C2932
GND,C2972
GND,C2942
GND,C2862
GND,C2892
GND,C2872
GND,C2992
GND,R2122
GND,FL32
GND,FL34
GND,U382
GND,Q122
GND,Q112
GND,R2272
GND,C1862
RF-TxRx-ADC-I,U1P2
RF-TxRx-ADC-I,C1101
RF-TxRx-ADC-I,R72
RF-TxRx-ADC-I,TP611
RF-TxRx-ADC-I,R1571
$5N2721,U146
$5N2721,C732
+5V_PA,C2811
+5V_PA,C2931
+5V_PA,L642
+5V_PA,C1741
+5V_PA,C2941
+5V_PA,C2961
+5V_PA,C2971
+5V_PA,C2761
+5V_PA,U324
+5V_PA,C2841
+5V_PA,C2701
+5V_PA,U3211
+5V_PA,C2721
3V3-LP,C3001
3V3-LP,D42A
3V3-LP,U381
3V3-LP,TP871
QUADSPI_BK1_IO3,RN554
QUADSPI_BK1_IO3,U27
QUADSPI_BK1_NCS,U21
QUADSPI_BK1_NCS,RN556
QUADSPI_BK1_NCS,C392
$2N11067,Q104
$2N11067,DL54
$13N600,R2561
$13N600,R2641
$13N600,R2651
$13N600,Q141
$2N1534,U1P11
$2N1534,RN5112
BLE-DBG-TMS,U1340
BLE-DBG-TMS,P1042
RF-RX-Enable,U1N2
RF-RX-Enable,TP41
RF-RX-Enable,R131
$7N7438,U184
$7N7438,R71
$7N7438,R1542
$7N7438,C1072
DIG-ANA-IN-2,R2312
DIG-ANA-IN-2,C2881
DIG-ANA-IN-2,TP941
DIG-ANA-IN-2,U1M3
QUADSPI_BK1_IO2,RN553
QUADSPI_BK1_IO2,U23
$11N4121,R2331
$11N4121,R2092
$11N4121,D31C
$6N3301,U1751
$6N3301,TP721
$8N11241,R2271
$8N11241,U313
$2N539,U1M15
$2N539,RN5513
$7N1328,C1811
$7N1328,L322
$7N1328,U1774
$2N1439,U1P9
$2N1439,RN5013
FMC_D13,U3B2
FMC_D13,RN518
$2N654,U1H2
$2N654,RN5214
$6N3668,C1552
$6N3668,C1681
$6N3668,L192
$2N8535,R2232
$2N8535,U1E13
$8N10075,C2612
$8N10075,R1062
$8N10075,U212
$6N2541,R1291
$6N2541,C1222
$6N2541,TP441
3V3,C901
3V3,C291
3V3,L231
3V3,R491
3V3,C641
3V3,L321
3V3,C751
3V3,C2471
3V3,U111
3V3,R241
3V3,U28
3V3,C371
3V3,C461
3V3,U3B3
3V3,P1041
3V3,U1F3
3V3,C401
3V3,R651
3V3,C381
3V3,L311
3V3,U3D3
3V3,U1326
3V3,U3C7
3V3,R1351
3V3,C411
3V3,U1114
3V3,R321
3V3,R251
3V3,R692
3V3,U1C5
3V3,U3E7
3V3,C211
3V3,U1416
3V3,U3A7
3V3,C421
3V3,C671
3V3,U3J9
3V3,U1J13
3V3,L31
3V3,U1J12
3V3,C431
3V3,C231
3V3,C441
3V3,U1331
3V3,R661
3V3,R2251
3V3,R2041
3V3,DL53
3V3,C681
3V3,C251
3V3,U1C8
3V3,U3A9
3V3,C761
3V3,C451
3V3,U1C7
3V3,U1K4
3V3,R311
3V3,C691
3V3,R2221
3V3,C2461
3V3,C281
3V3,R2181
3V3,U1N10
3V3,C221
3V3,C241
3V3,C331
3V3,U1N9
3V3,C321
3V3,U1N8
3V3,TP891
3V3,C311
3V3,C301
3V3,U1G13
3V3,C271
3V3,U1G3
3V3,C261
3V3,U371
3V3,U1C9
3V3,R841
3V3,R1341
3V3,R1441
3V3,R951
3V3,DL51
BLE-INTR-OUT,U1336
BLE-INTR-OUT,U1A11
RF-TxRx-D0,RN95
RF-TxRx-D0,TP1011
RF-TxRx-D0,U1E14
$1N6699,C2561
$1N6699,U1H13
$2N1084,U1M11
$2N1084,RN5411
ACCL-I2C-SCL,U114
ACCL-I2C-SCL,R652
ACCL-I2C-SCL,U1L12
ANT,C3011
ANT,R2671
ANT,C1932
$12N4831,U2719
$12N4831,TP1591
DIG-ANA-IN-4,R2332
DIG-ANA-IN-4,U1M5
DIG-ANA-IN-4,C2891
DIG-ANA-IN-4,TP951
RF-TxRx-D5,RN94
RF-TxRx-D5,U1C4
RF-TxRx-D5,TP1071
$11N4231,R2471
$11N4231,D35C
$6N3300,U1754
$6N3300,TP731
FMC_BA1,U3G8
FMC_BA1,RN543
$6N2546,U165
$6N2546,TP431
$6N2546,R1252
$6N2546,R1241
$6N2546,R1152
$8N5802,E11
$8N5802,U314
$8N3894,U204
$8N3894,TP691
$8N3894,C1631
$8N3894,L491
FMC_D14,U3B1
FMC_D14,RN517
QUADSPI_BK1_IO0,RN551
QUADSPI_BK1_IO0,U25
3V3-DIG-EN-OD,R2562
3V3-DIG-EN-OD,U1B13
RF-LNA2-EN,U1B15
RF-LNA2-EN,L471
$12N3172,U368
$12N3172,C2802
RF-TxRx-D4,RN24
RF-TxRx-D4,U1D4
RF-TxRx-D4,TP1101
$2N1196,U1A3
$2N1196,RN5311
$2N1308,U1L14
$2N1308,RN5011
FMC_A9,U3G3
FMC_A9,RN534
$2N748,U1P6
$2N748,RN5210
$8N3937,U206
$8N3937,TP681
$8N3937,L501
$8N3937,C1641
$2N767,U1N6
$2N767,RN529
RF-TxRx-D6,TP1031
RF-TxRx-D6,RN96
RF-TxRx-D6,U1C3
$2N861,U1M7
$2N861,RN5315
$6N3302,U1752
$6N3302,TP711
$13N492,R2551
$13N492,R2612
$13N492,U383
RS232-TX,U1414
RS232-TX,L12
$2N786,U1R7
$2N786,RN5314
EN-LDO-3.3V,R341
EN-LDO-3.3V,U1H15
FMC_D11,U3C2
FMC_D11,TP1281
FMC_D11,RN515
FMC_D8,U3E1
FMC_D8,RN511
$2N1010,U1B7
$2N1010,RN5412
RF-TX-PA-EN,U1A5
RF-TX-PA-EN,TP81
RF-TX-PA-EN,U373
$2N805,U1P7
$2N805,RN5313
$8N5903,R2161
$8N5903,U311
$8N1502,R1362
$8N1502,C2031
FMC_A0,U3H7
FMC_A0,RN521
FMC_A7,U3H2
FMC_A7,RN528
FMC_A7,TP1301
LIME_RES_36MHz,R2391
LIME_RES_36MHz,U344
$10N1415,C2221
$10N1415,D171
$10N1415,L11
$10N1415,P159
$7N668,C1361
$7N668,R1101
$7N668,L292
$7N668,C1891
$2N917,U1K14
$2N917,RN5416
$10N479,P156
$10N479,R1831
$6N979,R92
$6N979,U1775
$6N979,TP271
$6N979,R952
$2N973,U1J4
$2N973,RN5410
$2N1047,U1R6
$2N1047,RN549
FMC_D15,RN516
FMC_D15,U3A2
$2N1103,U1N12
$2N1103,RN5413
$2N1553,RN5114
$2N1553,U1R11
$6N990,R122
$6N990,U1767
$8N1233,U216
$8N1233,L511
ACCL-I2C-SA0,TP131
ACCL-I2C-SA0,U117
$6N2139,C1182
$6N2139,R1011
$7N132,C1791
$7N132,U1737
$7N132,L232
$11N1360,D9C
$11N1360,Q83
FMC_A8,U3H1
FMC_A8,RN533
VIN-MAIN,R1971
VIN-MAIN,L542
VIN-MAIN,TP791
VIN-MAIN,R2631
VIN-MAIN,R2571
VIN-MAIN,C2241
VIN-MAIN,D413
VIN-MAIN,Q134
VIN-MAIN,R2621
$11N4089,R2311
$11N4089,R2072
$11N4089,D29C
$2N1140,U1H14
$2N1140,RN5415
FMC_A11,U3G2
FMC_A11,RN532
$2N1177,RN5312
$2N1177,U1A4
$3N1188,R2222
$3N1188,P1021
EN-LDO-1.8V,R331
EN-LDO-1.8V,U1P5
$6N995,R112
$6N995,U1770
CONN-IO-1,C2201
CONN-IO-1,R1871
CONN-IO-1,D241
CONN-IO-1,R2472
CONN-IO-1,R1812
$12N294,U274
$12N294,C2311
$12N294,R221
$7N1737,C1471
$7N1737,L372
$7N1737,U1783
$8N1190,U205
$8N1190,C1931
$10N461,P157
$10N461,R1821
$2N1289,U1M14
$2N1289,RN5012
FMC_A1,U3H8
FMC_A1,RN522
$2N1345,U1B12
$2N1345,RN509
$2N1420,U1P8
$2N1420,RN5015
$2N1628,U1N15
$2N1628,RN5111
$11N4402,R2501
$11N4402,D38C
$13N362,R2601
$13N362,Q133
$13N362,R2632
$13N362,D411
$5N8228,U126
$5N8228,TP241
$7N420,L262
$7N420,U17111
$7N420,U17112
$7N420,C1391
EN-SW-5V,R532
EN-SW-5V,U1G15
FMC_A10,U3H9
FMC_A10,RN531
RF-TX-Enable,U1N3
RF-TX-Enable,TP51
RF-TX-Enable,U1766
RF-TX-Enable,R962
HS-OSC-OUT,TP31
HS-OSC-OUT,U1H1
$10N515,P1511
$10N515,R1851
$1N2810,U1M1
$1N2810,L41
$2N1458,U1R9
$2N1458,RN5014
$7N8565,R1492
$7N8565,C1921
DIG-ANA-IN-3,R2322
DIG-ANA-IN-3,U1M4
DIG-ANA-IN-3,C2871
DIG-ANA-IN-3,TP931
$2N1477,U1P10
$2N1477,RN5116
RF-TxRx-D9,RN91
RF-TxRx-D9,TP1001
RF-TxRx-D9,U1D3
$5N33,U118
$5N33,R322
$5N2644,U144
$5N2644,C722
CONN-IO-PU-1,U1N4
CONN-IO-PU-1,D35A
CONN-IO-PU-1,TP961
$2N1590,U1P15
$2N1590,RN519
$6N2530,C1192
$6N2530,R1031
Debug-Tx,U1A12
Debug-Tx,P71
$5N1760,C871
$5N1760,U1328
Debug-Rx,U1D12
Debug-Rx,P72
FMC_D10,U3D1
FMC_D10,RN512
$11N4073,R2301
$11N4073,R1872
$11N4073,D28C
$1N1852,R261
$1N1852,R252
$1N1852,U1D6
$6N11247,R991
$6N11247,C1162
$8N1192,R2672
$8N1192,R2162
$8N1192,J11
$8N1192,C3021
$1N3004,C841
$1N3004,U1M10
$3N8961,R2131
$3N8961,P10210
VREF,U1P1
VREF,U82
VREF,C2821
VREF,R552
VREF,R572
$10N497,P1510
$10N497,R1841
$7N8471,R1111
$7N8471,L302
$7N8471,C1351
$7N8471,C1901
$2N6448,Q103
$2N6448,R2231
$7N2109,R1502
$7N2109,R1511
$7N2109,R971
$8N1612,R1681
$8N1612,FL2B
FMC_SDNRAS,U3F8
FMC_SDNRAS,RN548
$5N8306,R141
$5N8306,U1214
$6N1760,U1787
$6N1760,C1031
$6N1760,R1731
$6N846,U1797
$6N846,C922
FMC_A4,U3J3
FMC_A4,RN525
$7N666,L282
$7N666,U1735
$7N666,C1371
$7N946,U1784
$7N946,R1112
FMC_SDCKE1,U3F3
FMC_SDCKE1,RN544
Pin62,L242
Pin62,U1763
Pin62,U1759
Pin62,U1762
Pin62,C1411
TXCPOUT,U1764
TXCPOUT,C1151
TXCPOUT,C1041
TXCPOUT,TP261
TXCPOUT,R1402
GNSS-UART-RXD,L71
GNSS-UART-RXD,U1A7
$2N8601,Q106
$2N8601,DL52
+5V,C2951
+5V,Q91
+5V,Q96
+5V,Q92
+5V,L641
+5V,Q95
+5V,C2921
+5V,TP801
$6N9779,U334
$6N9779,U352
$6N9779,U342
CONN-IO-5,C2161
CONN-IO-5,R2101
CONN-IO-5,D201
CONN-IO-5,R2512
CONN-IO-5,R1852
$8N8403,R1061
$8N8403,L452
BLE-DBG-TCK,P1044
BLE-DBG-TCK,U1339
$7N1572,U17107
$7N1572,L352
$7N1572,U17109
$7N1572,C1451
CONN-IO-PU-5,U1A2
CONN-IO-PU-5,D39A
CONN-IO-PU-5,TP1431
$7N2105,C1501
$7N2105,U185
$7N2105,L402
$7N8131,R1482
$7N8131,C1911
FMC_NBL0,U3E8
FMC_NBL0,RN535
$8N8565,R1051
$8N8565,L472
3V3-HP,C2422
3V3-HP,U282
3V3-HP,R2652
3V3-HP,R1981
3V3-HP,C141
3V3-HP,C2381
3V3-HP,Q143
3V3-HP,TP841
FMC_D2,U3B8
FMC_D2,RN508
RS232-DIG-RX,TP71
RS232-DIG-RX,U1412
RS232-DIG-RX,U1D15
$10N1813,R2021
$10N1813,P151
$5N18,U122
$5N18,R312
FMC_A5,U3J2
FMC_A5,RN526
FMC_D4,U3C8
FMC_D4,RN501
GNSS-UART-TXD,L82
GNSS-UART-TXD,U1C10
RESET-STM32,U1333
RESET-STM32,R2431
$6N4304,U1724
$6N4304,RN210
$7N1492,C1441
$7N1492,U1786
$7N1492,L342
$7N2120,L412
$7N2120,U195
$7N2120,C1861
ACCL-I2C-SDA,U116
ACCL-I2C-SDA,R662
ACCL-I2C-SDA,U1K12
$6N800,R1411
$6N800,R1392
FMC_D5,U3D9
FMC_D5,RN502
$6N10336,C2672
$6N10336,G23
CONN-IO-4,C2171
CONN-IO-4,R2091
CONN-IO-4,R2502
CONN-IO-4,D211
CONN-IO-4,R1842
FMC_D12,U3C1
FMC_D12,RN513
RF-Tx-CLK,U1719
RF-Tx-CLK,R2531
RF-Tx-CLK,TP901
RF-Tx-CLK,C2981
FMC_A2,U3J8
FMC_A2,RN523
$5N2622,U141
$5N2622,C712
FMC_D6,U3D8
FMC_D6,RN504
$12N887,Q93
$12N887,Q73
$12N887,R231
$6N1915,U1768
$6N1915,R1091
$6N1915,TP331
RF-TxRx-D3,TP1091
RF-TxRx-D3,RN27
RF-TxRx-D3,U1C13
$1N3301,R2542
$1N3301,U1B4
$6N8490,R101
$6N8490,U1769
$6N8490,TP341
FMC_D7,U3E9
FMC_D7,TP1241
FMC_D7,RN503
RF-TxRx-D2,RN92
RF-TxRx-D2,U1C14
RF-TxRx-D2,TP1081
$6N2504,TP411
$6N2504,C1212
$6N2504,R1281
FMC_D9,U3D2
FMC_D9,RN514
FMC_SDNWE,U3F9
FMC_SDNWE,RN547
$1N3156,U1R4
$1N3156,R2532
FMC_A6,U3H3
FMC_A6,RN527
$6N4380,U1728
$6N4380,RN914
FMC_SDNE1,U3G9
FMC_SDNE1,RN546
RF-TX-IQ-Sel,TP91
RF-TX-IQ-Sel,U1720
RF-TX-IQ-Sel,R2541
RF-TxRx-SPI-MOSI,R102
RF-TxRx-SPI-MOSI,R431
RF-TxRx-SPI-MOSI,C1091
$5N19,R152
$5N19,U124
FMC_BA0,U3G7
FMC_BA0,RN541
CONN-IO-PU-3,U1P3
CONN-IO-PU-3,D37A
CONN-IO-PU-3,TP981
$6N12488,C1842
$6N12488,R1381
$6N4247,U1721
$6N4247,RN912
BLE-DBG-TDO,U1341
BLE-DBG-TDO,P1046
$1N3002,C831
$1N3002,U1F13
$6N1661,U1757
$6N1661,C1021
$6N1661,R1401
$1N2727,U1C1
$1N2727,R691
$5N3195,DL4A
$5N3195,R2052
CONN-IO-PU-6,U1A1
CONN-IO-PU-6,D40A
CONN-IO-PU-6,TP1441
RF-TxRx-SPI-CLK,R421
RF-TxRx-SPI-CLK,R111
RF-TxRx-SPI-CLK,C32
$13N105,C2991
$13N105,R2611
$13N105,R2572
$13N105,U385
$6N1091,L211
$6N1091,C1871
$6N1091,R1742
$8N8567,TP631
$8N8567,U222
$8N8567,C2752
$8N8567,R1052
GNSS-RESET#,C632
GNSS-RESET#,U128
GNSS-RESET#,U1B9
RF-TxRx-D8,RN26
RF-TxRx-D8,TP1051
RF-TxRx-D8,U1D2
$2N8536,R2242
$2N8536,U1D13
$6N4323,U1725
$6N4323,RN213
RF-LNA1-EN,U1C15
RF-LNA1-EN,L451
$8N6527,U226
$8N6527,L521
$5N25,R31
$5N25,U123
GNSS_RX,R1431
GNSS_RX,C2021
GNSS_RX,R1172
$7N1247,C1801
$7N1247,U177
$7N1247,L312
VIN-POS-CONN,D8A
VIN-POS-CONN,P152
VIN-POS-CONN,D161
VIN-POS-CONN,C2141
GNSS-MOD-IN,U1211
GNSS-MOD-IN,C2022
$5N1501,U134
$5N1501,U135
$5N1503,U1348
$5N1503,U1349
BLE-RESET#,C861
BLE-RESET#,U131
BLE-RESET#,U1L13
BLE-RESET#,R2042
BLE-RESET#,P10410
BLE-RESET#,TP1481
BLE-UART-TX,U1314
BLE-UART-TX,TP1571
BLE-UART-TX,U1B11
$7N665,U1760
$7N665,R1102
BLE-UART-RX,U1315
BLE-UART-RX,U1C11
BLE-UART-RX,TP1581
$6N4418,U1730
$6N4418,RN916
BLE-UART-RTS,U1317
BLE-UART-RTS,U1D11
BLE-DBG-TDI,U1342
BLE-DBG-TDI,P1048
$11N4438,R2511
$11N4438,D39C
$11N4474,R2521
$11N4474,D40C
$8N3870,R1081
$8N3870,R1691
$8N3870,L502
$5N2642,U143
$5N2642,C711
$6N1349,L122
$6N1349,C1001
$6N1349,C971
$6N2134,C1181
$6N2134,TP351
$6N2134,U17115
$6N2134,R1181
$5N2645,U145
$5N2645,C721
$6N2483,U161
$6N2483,C1211
$6N2483,R1331
RS232-DIG-TX,U1E15
RS232-DIG-TX,U1411
RS232-DIG-TX,TP61
RS232-RX,U1413
RS232-RX,L22
$11N4256,R2481
$11N4256,D36C
$11N4329,R2491
$11N4329,D37C
EN-OD-OUT,R481
EN-OD-OUT,U1G14
$13N206,D42C
$13N206,R2642
$13N206,R842
$13N206,Q142
$13N209,R2581
$13N209,Q111
$5N3193,R2051
$5N3193,U1310
$3N2185,U81
$3N2185,R561
$3N2185,R571
Q_OUT,C1061
Q_OUT,R1312
Q_OUT,R1231
SMPS-EN,R2582
SMPS-EN,U1F14
$13N303,R2602
$13N303,Q113
$6N2536,C1201
$6N2536,TP371
$6N2536,U17113
$6N2536,R1212
$8N1555,R1361
$8N1555,R1682
$8N1555,R1171
$6N2532,C1292
$6N2532,C1272
$6N2532,R1151
$6N2532,R1042
$6N2534,C1291
$6N2534,C1261
$6N2534,R1141
$6N2534,R1032
3.3V_RF_ANA,C2661
3.3V_RF_ANA,R851
3.3V_RF_ANA,L261
3.3V_RF_ANA,R2361
3.3V_RF_ANA,U355
3.3V_RF_ANA,L341
3.3V_RF_ANA,U345
3.3V_RF_ANA,L331
3.3V_RF_ANA,C1751
3.3V_RF_ANA,C1581
3.3V_RF_ANA,L422
3.3V_RF_ANA,L271
3.3V_RF_ANA,U335
3.3V_RF_ANA,L241
3.3V_RF_ANA,C2641
3.3V_RF_ANA,C2651
3.3V_RF_ANA,L462
3.3V_RF_ANA,C1701
3.3V_RF_ANA,L221
3.3V_RF_ANA,G24
3.3V_RF_ANA,TP451
3.3V_RF_ANA,L162
3.3V_RF_ANA,C1691
3.3V_RF_ANA,L251
3.3V_RF_ANA,C2691
3.3V_RF_ANA,C1571
3.3V_RF_ANA,C2621
3.3V_RF_ANA,L351
3.3V_RF_ANA,L482
3.3V_RF_ANA,TP461
3.3V_RF_ANA,C1821
3.3V_RF_ANA,C1761
3.3V_RF_ANA,TP821
3.3V_RF_ANA,L172
$6N3615,U1750
$6N3615,C1551
$6N3615,C1652
$6N3615,L171
$6N3659,C1542
$6N3659,C1661
$6N3659,L181
$6N3707,C1671
$6N3707,C1561
$6N3707,L182
$6N3707,C1682
$6N3707,L202
$6N3860,U1746
$6N3860,C1831
$6N3956,U1744
$6N3956,C1841
$6N3956,TP471
$6N823,U1738
$6N823,C1852
$12N305,U271
$12N305,C2301
$6N882,C932
$6N882,U1799
$6N882,TP121
$7N2029,U1773
$7N2029,R1451
RF-TxRx-Reset,U1M6
RF-TxRx-Reset,R91
$10N533,R1861
$10N533,P1512
$6N1053,C1881
$6N1053,R1421
$6N1053,C1231
$6N1053,L212
$10N1432,C2211
$10N1432,D181
$10N1432,L21
$10N1432,P158
$13N395,R2552
$13N395,Q123
$8N11129,C2041
$8N11129,R2661
$8N11129,FL33
$6N1244,U1798
$6N1244,C952
$12N2528,C2791
$12N2528,R862
$12N2528,U364
$12N2528,U365
$12N2528,R2401
$12N2528,C2782
$6N1304,U17100
$6N1304,C972
$6N1304,L151
$12N1226,U304
$12N1226,C2441
$12N1226,R1992
$12N1226,R2011
$6N1306,U17102
$6N1306,L152
$6N1306,C982
$6N1388,L142
$6N1388,C981
$6N1388,C1012
BALUN,L132
BALUN,L121
BALUN,C991
BALUN,C1011
BALUN,C2051
VIN-MAIN-FET-OUT,U2715
VIN-MAIN-FET-OUT,U2716
VIN-MAIN-FET-OUT,C2481
VIN-MAIN-FET-OUT,C2501
VIN-MAIN-FET-OUT,Q132
VIN-MAIN-FET-OUT,C2511
VIN-MAIN-FET-OUT,Q135
VIN-MAIN-FET-OUT,R2622
VIN-MAIN-FET-OUT,C2521
VIN-MAIN-FET-OUT,U276
VIN-MAIN-FET-OUT,U275
VIN-MAIN-FET-OUT,TP881
VIN-MAIN-FET-OUT,Q136
VIN-MAIN-FET-OUT,Q131
VIN-MAIN-FET-OUT,TP811
RXCPOUT,U1780
RXCPOUT,C1161
RXCPOUT,C1051
RXCPOUT,R1732
3V3-PERM-SH,R2592
3V3-PERM-SH,U1B14
RF-TxRx-SPI-MISO,U1R14
RF-TxRx-SPI-MISO,C1081
RF-TxRx-SPI-MISO,R1092
$6N2141,C1281
$6N2141,C1241
$6N2141,R1121
$6N2141,R1012
Pin81,U1785
Pin81,U1782
Pin81,U1778
Pin81,U1779
Pin81,C1421
Pin81,U1781
Pin81,L222
$6N2211,C1282
$6N2211,C1252
$6N2211,R1131
$6N2211,R1022
Pin47,L252
Pin47,U1743
Pin47,U1745
Pin47,U1749
Pin47,U1747
Pin47,C1401
$6N2468,U162
$6N2468,TP391
$6N2468,R1332
$6N2468,R1122
$6N2470,U163
$6N2470,TP401
$6N2470,R1272
$6N2470,R1261
$6N2470,R1132
$12N296,R222
$12N296,C2291
$6N2539,U166
$6N2539,R1322
$6N2539,R1142
$6N2540,U167
$6N2540,C1221
$6N2540,R1321
$6N2531,C1202
$6N2531,R1041
$7N2116,R1541
$7N2116,U183
$7N2116,R1481
PA_Driver,C1562
PA_Driver,FL1B
DIG-ANA-IN-1,C2861
DIG-ANA-IN-1,R2302
DIG-ANA-IN-1,U1M2
DIG-ANA-IN-1,TP911
$6N4266,U1722
$6N4266,RN215
$6N4342,U1726
$6N4342,RN913
1.8V_RF_FIL,TP831
1.8V_RF_FIL,L301
1.8V_RF_FIL,R861
1.8V_RF_FIL,L281
1.8V_RF_FIL,L381
1.8V_RF_FIL,L391
1.8V_RF_FIL,L361
1.8V_RF_FIL,L371
1.8V_RF_FIL,L291
$12N401,U277
$12N401,U2714
$12N401,U2713
$12N401,L621
$12N401,U278
$12N401,C112
$12N401,D26C
$6N4361,U1727
$6N4361,RN911
$8N1324,U213
$8N1324,C2032
$6N4399,U1729
$6N4399,RN211
$6N4437,U1731
$6N4437,RN29
$6N4456,U1732
$6N4456,RN212
$8N61,C2061
$8N61,FL1E
VIN-RTN-CONN,C2232
VIN-RTN-CONN,C2242
VIN-RTN-CONN,C2152
VIN-RTN-CONN,C2182
VIN-RTN-CONN,D182
VIN-RTN-CONN,R2121
VIN-RTN-CONN,C2192
VIN-RTN-CONN,C2212
VIN-RTN-CONN,C2222
VIN-RTN-CONN,D252
VIN-RTN-CONN,D212
VIN-RTN-CONN,D162
VIN-RTN-CONN,D172
VIN-RTN-CONN,C2142
VIN-RTN-CONN,P153
VIN-RTN-CONN,C2172
VIN-RTN-CONN,C2202
VIN-RTN-CONN,D222
VIN-RTN-CONN,C2162
VIN-RTN-CONN,D202
VIN-RTN-CONN,C2132
VIN-RTN-CONN,D192
VIN-RTN-CONN,D232
VIN-RTN-CONN,R2022
VIN-RTN-CONN,D242
$10N924,C2231
$10N924,D8C
$10N924,L541
CONN-IO-3,C2181
CONN-IO-3,R2081
CONN-IO-3,R1832
CONN-IO-3,D221
CONN-IO-3,R2492
$6N795,R1722
$6N795,U1789
$6N797,U1739
$6N797,R1412
$7N1239,U1734
$7N1239,R1342
$7N1239,C1771
$7N1021,U171
$7N1021,U1712
$7N1021,U1718
$7N1021,C1781
$7N1021,R1352
$7N1896,U1772
$7N1896,R1161
$7N1898,C1491
$7N1898,U1736
$7N1898,U1733
$7N1898,L392
$7N2108,U181
$7N2108,C1301
$7N2108,R1222
$7N2108,R972
$7N2123,R1232
$7N2123,U191
$7N2123,C1311
$7N2123,R982
3.3V_RF_FIL,L411
3.3V_RF_FIL,R1501
3.3V_RF_FIL,L401
3.3V_RF_FIL,U224
3.3V_RF_FIL,C1611
3.3V_RF_FIL,L421
3.3V_RF_FIL,L461
3.3V_RF_FIL,C1331
3.3V_RF_FIL,U214
3.3V_RF_FIL,U168
3.3V_RF_FIL,C1591
3.3V_RF_FIL,R1271
3.3V_RF_FIL,C2631
3.3V_RF_FIL,L481
3.3V_RF_FIL,C1711
3.3V_RF_FIL,R1251
3.3V_RF_FIL,R1521
$7N2124,R1522
$7N2124,R1531
$7N2124,R981
RF-TxRx-ADC-Q,TP621
RF-TxRx-ADC-Q,C1111
RF-TxRx-ADC-Q,R82
RF-TxRx-ADC-Q,U1R2
RF-TxRx-ADC-Q,R1561
I_OUT,C1071
I_OUT,R1302
I_OUT,R1221
$7N503,L272
$7N503,U1790
$7N503,U17101
$7N503,C1381
$12N353,U2718
$12N353,C2322
$8N142,C2062
$8N142,U325
$8N893,C2831
$8N893,U3212
$12N400,C111
$12N400,U2717
$8N3867,R1071
$8N3867,R1701
$8N3867,L492
$12N446,C2331
$12N446,C2341
$12N446,R232
$12N446,L622
$12N446,C2351
$12N446,R2142
$12N446,C851
$12N446,TP851
$12N446,C121
$12N446,Q94
$12N446,L631
$12N446,R1931
CONN-IO-2,R1822
CONN-IO-2,C2191
CONN-IO-2,R2071
CONN-IO-2,R2482
CONN-IO-2,D231
SMPS-5V-FB,U272
SMPS-5V-FB,R1932
SMPS-5V-FB,R1941
$8N1088,C2832
$8N1088,FL31
$8N1091,C2071
$8N1091,C2091
$8N1091,R2662
$8N1167,U203
$8N1167,C2092
$8N1214,U201
$8N1214,L512
$12N1212,R332
$12N1212,U361
$12N1212,R512
RF-Swicth-RX-ON,U1B5
RF-Swicth-RX-ON,TP101
RF-Swicth-RX-ON,R1082
RF-Swicth-TX-ON,TP111
RF-Swicth-TX-ON,U1B6
RF-Swicth-TX-ON,R1072
$12N1227,R522
$12N1227,R342
$12N1227,U305
LIME_36MHz,R1741
LIME_36MHz,C2741
LIME_36MHz,R2392
$12N2495,R852
$12N2495,C181
$12N2495,C2391
$12N2495,U302
$12N2495,R1991
$12N2495,C2442
$12N1232,R501
$12N1232,U285
SMPS-PGOOD,R492
SMPS-PGOOD,U273
SMPS-PGOOD,U1N5
SMPS-PGOOD,TP921
OD-OUT-CONN,C2131
OD-OUT-CONN,P155
OD-OUT-CONN,D251
OD-OUT-CONN,D9A
VIN-MAIN-FB,R921
VIN-MAIN-FB,R1972
VIN-MAIN-FB,U1G4
VIN-MAIN-FB,C2531
VIN-MAIN-FB,D34C
